{"cameraMode":{"drawMode":0,"name":"Shaded","section":"Shading Mode"},"sceneLighting":false,"audioPlay":false,"sceneViewState":{"showFog":true,"showMaterialUpdate":false,"showSkybox":true,"showFlares":true,"showImageEffects":true,"showParticleSystems":true},"in2DMode":false,"pivot":{"x":-0.7430346012115479,"y":0.16463184356689454,"z":10.297586441040039},"rotation":{"x":0.10363484174013138,"y":-0.0041637122631073,"z":0.0004330723895691335,"w":0.9946066737174988},"size":22.943445205688478,"orthographic":false}