{"cameraMode":{"drawMode":0,"name":"Shaded","section":"Shading Mode"},"sceneLighting":false,"audioPlay":false,"sceneViewState":{"showFog":true,"showMaterialUpdate":false,"showSkybox":true,"showFlares":true,"showImageEffects":true,"showParticleSystems":true},"in2DMode":false,"pivot":{"x":0.7938712239265442,"y":-3.841956377029419,"z":9.019815444946289},"rotation":{"x":0.19398432970046998,"y":0.03120347484946251,"z":-0.006174220237880945,"w":0.9804888367652893},"size":22.943445205688478,"orthographic":false}